-- phpMyAdmin SQL Dump
-- version 4.6.6deb5
-- https://www.phpmyadmin.net/
--
-- Host: localhost:3306
-- Generation Time: Oct 25, 2018 at 07:31 AM
-- Server version: 5.7.24-0ubuntu0.18.04.1
-- PHP Version: 7.0.32-2+ubuntu18.04.1+deb.sury.org+1

SET SQL_MODE = "NO_AUTO_VALUE_ON_ZERO";
SET time_zone = "+00:00";


/*!40101 SET @OLD_CHARACTER_SET_CLIENT=@@CHARACTER_SET_CLIENT */;
/*!40101 SET @OLD_CHARACTER_SET_RESULTS=@@CHARACTER_SET_RESULTS */;
/*!40101 SET @OLD_COLLATION_CONNECTION=@@COLLATION_CONNECTION */;
/*!40101 SET NAMES utf8mb4 */;

--
-- Database: `smart-city`
--

-- --------------------------------------------------------

--
-- Table structure for table `cities`
--

CREATE TABLE `cities` (
  `id` int(11) NOT NULL,
  `name` varchar(255) NOT NULL
) ENGINE=InnoDB DEFAULT CHARSET=latin1;

--
-- Dumping data for table `cities`
--

INSERT INTO `cities` (`id`, `name`) VALUES
(1, 'DKI Jakarta'),
(2, 'Kota Bogor'),
(3, 'Kota Cirebon'),
(4, 'Kota Pasuruan'),
(5, 'Kota Gunungsitoli'),
(6, 'SURABAYA'),
(7, 'JAMBI'),
(8, 'PEKALONGAN'),
(9, 'TANJUNG PINANG'),
(10, 'PAGAR ALAM'),
(11, 'Kota Medan'),
(12, 'Tasikmalaya'),
(13, 'Kediri'),
(14, 'Payakumbuh'),
(15, 'Pangkalpinang'),
(16, 'Bandung'),
(17, 'Kota Serang'),
(18, 'Kota Pematangsiantar'),
(19, 'Kota Tarakan'),
(20, 'Kota  Magelang'),
(21, 'Makasar'),
(22, 'Malang'),
(23, 'Tegal'),
(24, 'Madiun'),
(25, 'Bukit Tinggi'),
(26, 'Semarang'),
(27, 'Kota Surakarta'),
(28, 'Kota Sorong'),
(29, 'Kota Batu'),
(30, 'Kota Kotamobago'),
(31, 'Balikpapan'),
(32, 'Kota Cimahi'),
(33, 'Kota Binjai'),
(34, 'Kota Gorontalo'),
(35, 'Kota  Tidore Kepulauan'),
(36, 'Palembang'),
(37, 'Manado'),
(38, 'Dumai'),
(39, 'Kota Banjar'),
(40, 'Sungaipenuh'),
(41, 'Banjarmasin'),
(42, 'Kupang'),
(43, 'Palangka Raya'),
(44, 'Lhokseumawe'),
(45, 'Tomohon'),
(46, 'Banda Aceh'),
(47, 'Jayapura'),
(48, 'Pekanbaru'),
(49, 'Sibolga'),
(50, 'Kota Prabumulih'),
(51, 'Denpasar'),
(52, 'Mataram'),
(53, 'Singkawang'),
(54, 'Palopo'),
(55, 'Pariaman'),
(56, 'Pontianak'),
(57, 'Probolinggo'),
(58, 'Langsa'),
(59, 'Cilegon'),
(60, 'Tual'),
(61, 'PADANG'),
(62, 'AMBON'),
(63, 'PADANGSIDIMPUAN'),
(64, 'SALATIGA'),
(65, 'SUBULUSSALAM'),
(66, 'Samarinda'),
(67, 'Bengkulu'),
(68, 'Kota Bitung'),
(69, 'Kota Parepare'),
(70, 'Solok'),
(71, 'Manado'),
(72, 'Kota Palu'),
(73, 'Kota Banjarbaru'),
(74, 'Kota Tebing Tinggi'),
(75, 'Kota Sawahlunto'),
(76, 'Yogyakarta'),
(77, 'Kota Kendari'),
(78, 'Kota Lubuklingga'),
(79, 'Kota Tanjungbalai'),
(80, 'Kota  Pandang Panjang'),
(81, 'Batam'),
(82, 'Kota Sukabumi'),
(83, 'Kota Ternate'),
(84, 'Kota Bontang'),
(85, 'Kota  Sabang');

-- --------------------------------------------------------

--
-- Table structure for table `dev_rating`
--

CREATE TABLE `dev_rating` (
  `id` int(11) NOT NULL,
  `cities_id` int(11) NOT NULL,
  `unrated_feature_id` int(11) NOT NULL,
  `rated_feature_id` int(11) NOT NULL,
  `deviation_result` float NOT NULL
) ENGINE=InnoDB DEFAULT CHARSET=latin1;

--
-- Dumping data for table `dev_rating`
--

INSERT INTO `dev_rating` (`id`, `cities_id`, `unrated_feature_id`, `rated_feature_id`, `deviation_result`) VALUES
(2, 8, 1, 2, -0.64),
(3, 8, 1, 3, -0.61),
(4, 8, 1, 4, -0.13),
(5, 8, 1, 5, -0.88),
(6, 8, 1, 6, -1.13),
(7, 8, 1, 7, 1.07),
(8, 8, 1, 8, 1.05);

-- --------------------------------------------------------

--
-- Table structure for table `features`
--

CREATE TABLE `features` (
  `id` int(11) NOT NULL,
  `features` varchar(255) NOT NULL
) ENGINE=InnoDB DEFAULT CHARSET=latin1;

--
-- Dumping data for table `features`
--

INSERT INTO `features` (`id`, `features`) VALUES
(1, 'SMART ENERGY'),
(2, 'SMART INFRASTRUCTURE'),
(3, 'SMART PEOPLE'),
(4, 'SMART HEALTH'),
(5, 'SMART MOBILITY'),
(6, 'SMART GOVERMENT'),
(7, 'SMART EDUCATION'),
(8, 'SMART TECHNOLOGY');

-- --------------------------------------------------------

--
-- Table structure for table `not_rated_city`
--

CREATE TABLE `not_rated_city` (
  `id` int(11) NOT NULL,
  `cities_id` int(11) NOT NULL,
  `features_id` int(11) NOT NULL,
  `nilai_rating` varchar(255) NOT NULL
) ENGINE=InnoDB DEFAULT CHARSET=latin1;

--
-- Dumping data for table `not_rated_city`
--

INSERT INTO `not_rated_city` (`id`, `cities_id`, `features_id`, `nilai_rating`) VALUES
(1, 8, 1, '0');

-- --------------------------------------------------------

--
-- Table structure for table `prediction_result`
--

CREATE TABLE `prediction_result` (
  `id` int(11) NOT NULL,
  `city_id` int(11) NOT NULL,
  `feature_id` int(11) NOT NULL,
  `nilai_rating` float NOT NULL
) ENGINE=InnoDB DEFAULT CHARSET=latin1;

-- --------------------------------------------------------

--
-- Table structure for table `rating`
--

CREATE TABLE `rating` (
  `id` int(11) NOT NULL,
  `cities_id` int(11) NOT NULL,
  `features_id` int(11) NOT NULL,
  `nilai_rating` varchar(255) NOT NULL
) ENGINE=InnoDB DEFAULT CHARSET=latin1;

--
-- Dumping data for table `rating`
--

INSERT INTO `rating` (`id`, `cities_id`, `features_id`, `nilai_rating`) VALUES
(1, 1, 1, '2'),
(2, 1, 2, '1'),
(3, 1, 3, '3'),
(6, 1, 6, '4'),
(7, 1, 7, '1'),
(8, 1, 8, '1'),
(9, 2, 1, '2'),
(10, 2, 2, '2'),
(14, 2, 6, '4'),
(15, 2, 7, '1'),
(16, 2, 8, '1'),
(17, 3, 1, '2'),
(18, 3, 2, '2'),
(22, 3, 6, '4'),
(23, 3, 7, '1'),
(24, 3, 8, '1'),
(25, 4, 1, '3'),
(26, 4, 2, '2'),
(30, 4, 6, '1'),
(31, 4, 7, '1'),
(32, 4, 8, '1'),
(33, 5, 1, '1'),
(34, 5, 2, '3'),
(38, 5, 6, '4'),
(39, 5, 7, '1'),
(40, 5, 8, '1'),
(41, 6, 1, '2'),
(42, 6, 2, '1'),
(44, 6, 4, '3'),
(46, 6, 6, '4'),
(47, 6, 7, '1'),
(48, 6, 8, '1'),
(49, 7, 1, '2'),
(55, 7, 7, '1'),
(56, 7, 8, '1'),
(59, 8, 3, '1'),
(65, 9, 1, '4'),
(70, 9, 6, '1'),
(71, 9, 7, '1'),
(72, 9, 8, '1'),
(73, 10, 1, '2'),
(78, 10, 6, '2'),
(79, 10, 7, '1'),
(80, 10, 8, '1'),
(81, 11, 1, '4'),
(84, 11, 4, '3'),
(97, 13, 1, '2'),
(98, 13, 2, '3'),
(101, 13, 5, '3'),
(102, 13, 6, '4'),
(103, 13, 7, '1'),
(104, 13, 8, '1'),
(105, 14, 1, '2'),
(110, 14, 6, '4'),
(111, 14, 7, '1'),
(112, 14, 8, '1'),
(113, 15, 1, '2'),
(121, 16, 1, '2'),
(145, 19, 1, '4'),
(161, 21, 1, '2'),
(163, 21, 3, '3'),
(166, 21, 6, '4'),
(167, 21, 7, '1'),
(168, 21, 8, '1'),
(169, 22, 1, '3'),
(171, 22, 3, '3'),
(172, 22, 4, '3'),
(173, 22, 5, '4'),
(174, 22, 6, '4'),
(175, 22, 7, '1'),
(176, 22, 8, '1'),
(177, 23, 1, '3'),
(179, 23, 3, '3'),
(182, 23, 6, '4'),
(183, 23, 7, '1'),
(184, 23, 8, '1'),
(185, 24, 1, '2'),
(187, 24, 3, '3'),
(190, 24, 6, '4'),
(191, 24, 7, '1'),
(192, 24, 8, '1'),
(193, 25, 1, '2'),
(195, 25, 3, '3'),
(198, 25, 6, '4'),
(199, 25, 7, '1'),
(200, 25, 8, '1'),
(201, 26, 1, '3'),
(202, 26, 2, '3'),
(203, 26, 3, '3'),
(204, 26, 4, '2'),
(205, 26, 5, '3'),
(206, 26, 6, '3'),
(207, 26, 7, '1'),
(208, 26, 8, '1'),
(209, 27, 1, '3'),
(210, 27, 2, '3'),
(211, 27, 3, '3'),
(212, 27, 4, '2'),
(213, 27, 5, '3'),
(214, 27, 6, '2'),
(215, 27, 7, '1'),
(216, 27, 8, '1'),
(217, 28, 1, '2'),
(218, 28, 2, '3'),
(219, 28, 3, '3'),
(220, 28, 4, '2'),
(221, 28, 5, '3'),
(222, 28, 6, '4'),
(223, 28, 7, '1'),
(224, 28, 8, '1'),
(225, 29, 1, '3'),
(226, 29, 2, '3'),
(227, 29, 3, '3'),
(228, 29, 4, '2'),
(229, 29, 5, '3'),
(230, 29, 6, '2'),
(231, 29, 7, '1'),
(232, 29, 8, '1'),
(233, 30, 1, '2'),
(234, 30, 2, '3'),
(235, 30, 3, '3'),
(236, 30, 4, '2'),
(237, 30, 5, '3'),
(238, 30, 6, '2'),
(239, 30, 7, '1'),
(240, 30, 8, '1'),
(241, 31, 1, '4'),
(242, 31, 2, '3'),
(246, 31, 6, '4'),
(247, 31, 7, '1'),
(248, 31, 8, '1'),
(249, 32, 1, '1'),
(251, 32, 3, '3'),
(254, 32, 6, '1'),
(255, 32, 7, '1'),
(256, 32, 8, '1'),
(257, 33, 1, '2'),
(259, 33, 3, '3'),
(263, 33, 7, '1'),
(264, 33, 8, '1'),
(265, 34, 1, '3'),
(289, 40, 1, '2'),
(290, 40, 2, '1'),
(294, 40, 6, '1'),
(295, 40, 7, '1'),
(296, 40, 8, '1'),
(297, 41, 1, '3'),
(303, 41, 7, '1'),
(311, 42, 7, '1'),
(319, 43, 7, '1'),
(326, 44, 6, '4'),
(327, 44, 7, '1'),
(329, 45, 1, '1'),
(330, 45, 2, '4'),
(331, 45, 3, '4'),
(332, 45, 4, '4'),
(333, 45, 5, '4'),
(334, 45, 6, '4'),
(335, 45, 7, '4'),
(336, 45, 8, '4'),
(345, 47, 1, '1'),
(347, 47, 3, '4'),
(348, 47, 4, '4'),
(349, 47, 5, '4'),
(351, 47, 7, '4'),
(352, 47, 8, '4'),
(361, 49, 1, '3'),
(362, 49, 2, '2'),
(366, 49, 6, '4'),
(367, 49, 7, '1'),
(368, 49, 8, '1'),
(369, 50, 1, '2'),
(370, 50, 2, '4'),
(374, 50, 6, '4'),
(375, 50, 7, '1'),
(376, 50, 8, '1'),
(377, 51, 1, '2'),
(378, 51, 2, '3'),
(385, 52, 1, '1'),
(386, 52, 2, '2'),
(401, 54, 1, '2'),
(403, 54, 3, '1'),
(404, 54, 4, '1'),
(406, 54, 6, '1'),
(409, 55, 1, '3'),
(417, 56, 1, '3'),
(419, 56, 3, '1'),
(425, 57, 1, '2'),
(427, 57, 3, '1'),
(428, 57, 4, '1'),
(429, 57, 5, '2'),
(433, 58, 1, '1'),
(435, 58, 3, '1'),
(436, 58, 4, '1'),
(438, 58, 6, '1'),
(441, 59, 1, '2'),
(445, 59, 5, '2'),
(446, 59, 6, '4'),
(447, 59, 7, '1'),
(448, 59, 8, '1'),
(449, 60, 1, '2'),
(457, 61, 1, '3'),
(465, 62, 1, '2'),
(469, 62, 5, '3'),
(470, 62, 6, '4'),
(471, 62, 7, '1'),
(472, 62, 8, '1'),
(473, 63, 1, '2'),
(477, 63, 5, '2'),
(478, 63, 6, '4'),
(521, 69, 1, '2'),
(522, 69, 2, '4'),
(527, 69, 7, '1'),
(528, 69, 8, '1'),
(529, 70, 1, '2'),
(530, 70, 2, '4'),
(532, 70, 4, '1'),
(534, 70, 6, '4'),
(535, 70, 7, '1'),
(536, 70, 8, '1'),
(538, 71, 2, '1'),
(543, 71, 7, '1'),
(544, 71, 8, '1'),
(545, 72, 1, '2'),
(546, 72, 2, '4'),
(548, 72, 4, '3'),
(550, 72, 6, '4'),
(551, 72, 7, '1'),
(552, 72, 8, '1'),
(553, 73, 1, '2'),
(558, 73, 6, '4'),
(559, 73, 7, '1'),
(560, 73, 8, '1'),
(561, 74, 1, '3'),
(562, 74, 2, '3'),
(563, 74, 3, '3'),
(565, 74, 5, '3'),
(566, 74, 6, '4'),
(567, 74, 7, '1'),
(568, 74, 8, '1'),
(569, 75, 1, '2'),
(570, 75, 2, '4'),
(571, 75, 3, '3'),
(572, 75, 4, '3'),
(573, 75, 5, '3'),
(574, 75, 6, '4'),
(575, 75, 7, '1'),
(576, 75, 8, '1'),
(577, 76, 1, '2'),
(578, 76, 2, '4'),
(579, 76, 3, '3'),
(581, 76, 5, '4'),
(582, 76, 6, '4'),
(583, 76, 7, '1'),
(584, 76, 8, '1'),
(598, 78, 6, '1'),
(601, 79, 1, '2'),
(605, 79, 5, '3'),
(606, 79, 6, '4'),
(607, 79, 7, '1'),
(608, 79, 8, '1'),
(609, 80, 1, '2'),
(614, 80, 6, '4'),
(615, 80, 7, '1'),
(616, 80, 8, '1'),
(617, 81, 1, '2'),
(622, 81, 6, '4'),
(623, 81, 7, '1'),
(624, 81, 8, '1'),
(625, 82, 1, '2'),
(627, 82, 3, '3');

-- --------------------------------------------------------

--
-- Table structure for table `real_rating`
--

CREATE TABLE `real_rating` (
  `id` int(11) NOT NULL,
  `cities_id` int(11) NOT NULL,
  `features_id` int(11) NOT NULL,
  `nilai_rating` varchar(255) NOT NULL
) ENGINE=InnoDB DEFAULT CHARSET=latin1;

--
-- Dumping data for table `real_rating`
--

INSERT INTO `real_rating` (`id`, `cities_id`, `features_id`, `nilai_rating`) VALUES
(1, 1, 1, '2'),
(2, 1, 2, '1'),
(3, 1, 3, '3'),
(4, 1, 4, '0'),
(5, 1, 5, '0'),
(6, 1, 6, '4'),
(7, 1, 7, '1'),
(8, 1, 8, '1'),
(9, 2, 1, '2'),
(10, 2, 2, '2'),
(11, 2, 3, '0'),
(12, 2, 4, '0'),
(13, 2, 5, '0'),
(14, 2, 6, '4'),
(15, 2, 7, '1'),
(16, 2, 8, '1'),
(17, 3, 1, '2'),
(18, 3, 2, '2'),
(19, 3, 3, '0'),
(20, 3, 4, '0'),
(21, 3, 5, '0'),
(22, 3, 6, '4'),
(23, 3, 7, '1'),
(24, 3, 8, '1'),
(25, 4, 1, '3'),
(26, 4, 2, '2'),
(27, 4, 3, '0'),
(28, 4, 4, '0'),
(29, 4, 5, '0'),
(30, 4, 6, '1'),
(31, 4, 7, '1'),
(32, 4, 8, '1'),
(33, 5, 1, '1'),
(34, 5, 2, '3'),
(35, 5, 3, '0'),
(36, 5, 4, '0'),
(37, 5, 5, '0'),
(38, 5, 6, '4'),
(39, 5, 7, '1'),
(40, 5, 8, '1'),
(41, 6, 1, '2'),
(42, 6, 2, '1'),
(43, 6, 3, '0'),
(44, 6, 4, '3'),
(45, 6, 5, '0'),
(46, 6, 6, '4'),
(47, 6, 7, '1'),
(48, 6, 8, '1'),
(49, 7, 1, '2'),
(50, 7, 2, '0'),
(51, 7, 3, '0'),
(52, 7, 4, '0'),
(53, 7, 5, '0'),
(54, 7, 6, '0'),
(55, 7, 7, '1'),
(56, 7, 8, '1'),
(57, 8, 1, '0'),
(58, 8, 2, '0'),
(59, 8, 3, '1'),
(60, 8, 4, '0'),
(61, 8, 5, '0'),
(62, 8, 6, '0'),
(63, 8, 7, '0'),
(64, 8, 8, '0'),
(65, 9, 1, '4'),
(66, 9, 2, '0'),
(67, 9, 3, '0'),
(68, 9, 4, '0'),
(69, 9, 5, '0'),
(70, 9, 6, '1'),
(71, 9, 7, '1'),
(72, 9, 8, '1'),
(73, 10, 1, '2'),
(74, 10, 2, '0'),
(75, 10, 3, '0'),
(76, 10, 4, '0'),
(77, 10, 5, '0'),
(78, 10, 6, '2'),
(79, 10, 7, '1'),
(80, 10, 8, '1'),
(81, 11, 1, '4'),
(82, 11, 2, '0'),
(83, 11, 3, '0'),
(84, 11, 4, '3'),
(85, 11, 5, '0'),
(86, 11, 6, '0'),
(87, 11, 7, '0'),
(88, 11, 8, '0'),
(89, 12, 1, '0'),
(90, 12, 2, '0'),
(91, 12, 3, '0'),
(92, 12, 4, '0'),
(93, 12, 5, '0'),
(94, 12, 6, '0'),
(95, 12, 7, '0'),
(96, 12, 8, '0'),
(97, 13, 1, '2'),
(98, 13, 2, '3'),
(99, 13, 3, '0'),
(100, 13, 4, '0'),
(101, 13, 5, '3'),
(102, 13, 6, '4'),
(103, 13, 7, '1'),
(104, 13, 8, '1'),
(105, 14, 1, '2'),
(106, 14, 2, '0'),
(107, 14, 3, '0'),
(108, 14, 4, '0'),
(109, 14, 5, '0'),
(110, 14, 6, '4'),
(111, 14, 7, '1'),
(112, 14, 8, '1'),
(113, 15, 1, '2'),
(114, 15, 2, '0'),
(115, 15, 3, '0'),
(116, 15, 4, '0'),
(117, 15, 5, '0'),
(118, 15, 6, '0'),
(119, 15, 7, '0'),
(120, 15, 8, '0'),
(121, 16, 1, '2'),
(122, 16, 2, '0'),
(123, 16, 3, '0'),
(124, 16, 4, '0'),
(125, 16, 5, '0'),
(126, 16, 6, '0'),
(127, 16, 7, '0'),
(128, 16, 8, '0'),
(129, 17, 1, '0'),
(130, 17, 2, '0'),
(131, 17, 3, '0'),
(132, 17, 4, '0'),
(133, 17, 5, '0'),
(134, 17, 6, '0'),
(135, 17, 7, '0'),
(136, 17, 8, '0'),
(137, 18, 1, '0'),
(138, 18, 2, '0'),
(139, 18, 3, '0'),
(140, 18, 4, '0'),
(141, 18, 5, '0'),
(142, 18, 6, '0'),
(143, 18, 7, '0'),
(144, 18, 8, '0'),
(145, 19, 1, '4'),
(146, 19, 2, '0'),
(147, 19, 3, '0'),
(148, 19, 4, '0'),
(149, 19, 5, '0'),
(150, 19, 6, '0'),
(151, 19, 7, '0'),
(152, 19, 8, '0'),
(153, 20, 1, '0'),
(154, 20, 2, '0'),
(155, 20, 3, '0'),
(156, 20, 4, '0'),
(157, 20, 5, '0'),
(158, 20, 6, '0'),
(159, 20, 7, '0'),
(160, 20, 8, '0'),
(161, 21, 1, '2'),
(162, 21, 2, '0'),
(163, 21, 3, '3'),
(164, 21, 4, '0'),
(165, 21, 5, '0'),
(166, 21, 6, '4'),
(167, 21, 7, '1'),
(168, 21, 8, '1'),
(169, 22, 1, '3'),
(170, 22, 2, '0'),
(171, 22, 3, '3'),
(172, 22, 4, '3'),
(173, 22, 5, '4'),
(174, 22, 6, '4'),
(175, 22, 7, '1'),
(176, 22, 8, '1'),
(177, 23, 1, '3'),
(178, 23, 2, '0'),
(179, 23, 3, '3'),
(180, 23, 4, '0'),
(181, 23, 5, '0'),
(182, 23, 6, '4'),
(183, 23, 7, '1'),
(184, 23, 8, '1'),
(185, 24, 1, '2'),
(186, 24, 2, '0'),
(187, 24, 3, '3'),
(188, 24, 4, '0'),
(189, 24, 5, '0'),
(190, 24, 6, '4'),
(191, 24, 7, '1'),
(192, 24, 8, '1'),
(193, 25, 1, '2'),
(194, 25, 2, '0'),
(195, 25, 3, '3'),
(196, 25, 4, '0'),
(197, 25, 5, '0'),
(198, 25, 6, '4'),
(199, 25, 7, '1'),
(200, 25, 8, '1'),
(201, 26, 1, '3'),
(202, 26, 2, '3'),
(203, 26, 3, '3'),
(204, 26, 4, '2'),
(205, 26, 5, '3'),
(206, 26, 6, '3'),
(207, 26, 7, '1'),
(208, 26, 8, '1'),
(209, 27, 1, '3'),
(210, 27, 2, '3'),
(211, 27, 3, '3'),
(212, 27, 4, '2'),
(213, 27, 5, '3'),
(214, 27, 6, '2'),
(215, 27, 7, '1'),
(216, 27, 8, '1'),
(217, 28, 1, '2'),
(218, 28, 2, '3'),
(219, 28, 3, '3'),
(220, 28, 4, '2'),
(221, 28, 5, '3'),
(222, 28, 6, '4'),
(223, 28, 7, '1'),
(224, 28, 8, '1'),
(225, 29, 1, '3'),
(226, 29, 2, '3'),
(227, 29, 3, '3'),
(228, 29, 4, '2'),
(229, 29, 5, '3'),
(230, 29, 6, '2'),
(231, 29, 7, '1'),
(232, 29, 8, '1'),
(233, 30, 1, '2'),
(234, 30, 2, '3'),
(235, 30, 3, '3'),
(236, 30, 4, '2'),
(237, 30, 5, '3'),
(238, 30, 6, '2'),
(239, 30, 7, '1'),
(240, 30, 8, '1'),
(241, 31, 1, '4'),
(242, 31, 2, '3'),
(243, 31, 3, '0'),
(244, 31, 4, '0'),
(245, 31, 5, '0'),
(246, 31, 6, '4'),
(247, 31, 7, '1'),
(248, 31, 8, '1'),
(249, 32, 1, '1'),
(250, 32, 2, '0'),
(251, 32, 3, '3'),
(252, 32, 4, '0'),
(253, 32, 5, '0'),
(254, 32, 6, '1'),
(255, 32, 7, '1'),
(256, 32, 8, '1'),
(257, 33, 1, '2'),
(258, 33, 2, '0'),
(259, 33, 3, '3'),
(260, 33, 4, '0'),
(261, 33, 5, '0'),
(262, 33, 6, '0'),
(263, 33, 7, '1'),
(264, 33, 8, '1'),
(265, 34, 1, '3'),
(266, 34, 2, '0'),
(267, 34, 3, '0'),
(268, 34, 4, '0'),
(269, 34, 5, '0'),
(270, 34, 6, '0'),
(271, 34, 7, '0'),
(272, 34, 8, '0'),
(273, 38, 1, '0'),
(274, 38, 2, '0'),
(275, 38, 3, '0'),
(276, 38, 4, '0'),
(277, 38, 5, '0'),
(278, 38, 6, '0'),
(279, 38, 7, '0'),
(280, 38, 8, '0'),
(281, 39, 1, '0'),
(282, 39, 2, '0'),
(283, 39, 3, '0'),
(284, 39, 4, '0'),
(285, 39, 5, '0'),
(286, 39, 6, '0'),
(287, 39, 7, '0'),
(288, 39, 8, '0'),
(289, 40, 1, '2'),
(290, 40, 2, '1'),
(291, 40, 3, '0'),
(292, 40, 4, '0'),
(293, 40, 5, '0'),
(294, 40, 6, '1'),
(295, 40, 7, '1'),
(296, 40, 8, '1'),
(297, 41, 1, '3'),
(298, 41, 2, '0'),
(299, 41, 3, '0'),
(300, 41, 4, '0'),
(301, 41, 5, '0'),
(302, 41, 6, '0'),
(303, 41, 7, '1'),
(304, 41, 8, '0'),
(305, 42, 1, '0'),
(306, 42, 2, '0'),
(307, 42, 3, '0'),
(308, 42, 4, '0'),
(309, 42, 5, '0'),
(310, 42, 6, '0'),
(311, 42, 7, '1'),
(312, 42, 8, '0'),
(313, 43, 1, '0'),
(314, 43, 2, '0'),
(315, 43, 3, '0'),
(316, 43, 4, '0'),
(317, 43, 5, '0'),
(318, 43, 6, '0'),
(319, 43, 7, '1'),
(320, 43, 8, '0'),
(321, 44, 1, '0'),
(322, 44, 2, '0'),
(323, 44, 3, '0'),
(324, 44, 4, '0'),
(325, 44, 5, '0'),
(326, 44, 6, '4'),
(327, 44, 7, '1'),
(328, 44, 8, '0'),
(329, 45, 1, '1'),
(330, 45, 2, '4'),
(331, 45, 3, '4'),
(332, 45, 4, '4'),
(333, 45, 5, '4'),
(334, 45, 6, '4'),
(335, 45, 7, '4'),
(336, 45, 8, '4'),
(337, 46, 1, '0'),
(338, 46, 2, '0'),
(339, 46, 3, '0'),
(340, 46, 4, '0'),
(341, 46, 5, '0'),
(342, 46, 6, '0'),
(343, 46, 7, '0'),
(344, 46, 8, '0'),
(345, 47, 1, '1'),
(346, 47, 2, '0'),
(347, 47, 3, '4'),
(348, 47, 4, '4'),
(349, 47, 5, '4'),
(350, 47, 6, '0'),
(351, 47, 7, '4'),
(352, 47, 8, '4'),
(353, 48, 1, '0'),
(354, 48, 2, '0'),
(355, 48, 3, '0'),
(356, 48, 4, '0'),
(357, 48, 5, '0'),
(358, 48, 6, '0'),
(359, 48, 7, '0'),
(360, 48, 8, '0'),
(361, 49, 1, '3'),
(362, 49, 2, '2'),
(363, 49, 3, '0'),
(364, 49, 4, '0'),
(365, 49, 5, '0'),
(366, 49, 6, '4'),
(367, 49, 7, '1'),
(368, 49, 8, '1'),
(369, 50, 1, '2'),
(370, 50, 2, '4'),
(371, 50, 3, '0'),
(372, 50, 4, '0'),
(373, 50, 5, '0'),
(374, 50, 6, '4'),
(375, 50, 7, '1'),
(376, 50, 8, '1'),
(377, 51, 1, '2'),
(378, 51, 2, '3'),
(379, 51, 3, '0'),
(380, 51, 4, '0'),
(381, 51, 5, '0'),
(382, 51, 6, '0'),
(383, 51, 7, '0'),
(384, 51, 8, '0'),
(385, 52, 1, '1'),
(386, 52, 2, '2'),
(387, 52, 3, '0'),
(388, 52, 4, '0'),
(389, 52, 5, '0'),
(390, 52, 6, '0'),
(391, 52, 7, '0'),
(392, 52, 8, '0'),
(393, 53, 1, '0'),
(394, 53, 2, '0'),
(395, 53, 3, '0'),
(396, 53, 4, '0'),
(397, 53, 5, '0'),
(398, 53, 6, '0'),
(399, 53, 7, '0'),
(400, 53, 8, '0'),
(401, 54, 1, '2'),
(402, 54, 2, '0'),
(403, 54, 3, '1'),
(404, 54, 4, '1'),
(405, 54, 5, '0'),
(406, 54, 6, '1'),
(407, 54, 7, '0'),
(408, 54, 8, '0'),
(409, 55, 1, '3'),
(410, 55, 2, '0'),
(411, 55, 3, '0'),
(412, 55, 4, '0'),
(413, 55, 5, '0'),
(414, 55, 6, '0'),
(415, 55, 7, '0'),
(416, 55, 8, '0'),
(417, 56, 1, '3'),
(418, 56, 2, '0'),
(419, 56, 3, '1'),
(420, 56, 4, '0'),
(421, 56, 5, '0'),
(422, 56, 6, '0'),
(423, 56, 7, '0'),
(424, 56, 8, '0'),
(425, 57, 1, '2'),
(426, 57, 2, '0'),
(427, 57, 3, '1'),
(428, 57, 4, '1'),
(429, 57, 5, '2'),
(430, 57, 6, '0'),
(431, 57, 7, '0'),
(432, 57, 8, '0'),
(433, 58, 1, '1'),
(434, 58, 2, '0'),
(435, 58, 3, '1'),
(436, 58, 4, '1'),
(437, 58, 5, '0'),
(438, 58, 6, '1'),
(439, 58, 7, '0'),
(440, 58, 8, '0'),
(441, 59, 1, '2'),
(442, 59, 2, '0'),
(443, 59, 3, '0'),
(444, 59, 4, '0'),
(445, 59, 5, '2'),
(446, 59, 6, '4'),
(447, 59, 7, '1'),
(448, 59, 8, '1'),
(449, 60, 1, '2'),
(450, 60, 2, '0'),
(451, 60, 3, '0'),
(452, 60, 4, '0'),
(453, 60, 5, '0'),
(454, 60, 6, '0'),
(455, 60, 7, '0'),
(456, 60, 8, '0'),
(457, 61, 1, '3'),
(458, 61, 2, '0'),
(459, 61, 3, '0'),
(460, 61, 4, '0'),
(461, 61, 5, '0'),
(462, 61, 6, '0'),
(463, 61, 7, '0'),
(464, 61, 8, '0'),
(465, 62, 1, '2'),
(466, 62, 2, '0'),
(467, 62, 3, '0'),
(468, 62, 4, '0'),
(469, 62, 5, '3'),
(470, 62, 6, '4'),
(471, 62, 7, '1'),
(472, 62, 8, '1'),
(473, 63, 1, '2'),
(474, 63, 2, '0'),
(475, 63, 3, '0'),
(476, 63, 4, '0'),
(477, 63, 5, '2'),
(478, 63, 6, '4'),
(479, 63, 7, '0'),
(480, 63, 8, '0'),
(481, 64, 1, '0'),
(482, 64, 2, '0'),
(483, 64, 3, '0'),
(484, 64, 4, '0'),
(485, 64, 5, '0'),
(486, 64, 6, '0'),
(487, 64, 7, '0'),
(488, 64, 8, '0'),
(489, 65, 1, '0'),
(490, 65, 2, '0'),
(491, 65, 3, '0'),
(492, 65, 4, '0'),
(493, 65, 5, '0'),
(494, 65, 6, '0'),
(495, 65, 7, '0'),
(496, 65, 8, '0'),
(497, 66, 1, '0'),
(498, 66, 2, '0'),
(499, 66, 3, '0'),
(500, 66, 4, '0'),
(501, 66, 5, '0'),
(502, 66, 6, '0'),
(503, 66, 7, '0'),
(504, 66, 8, '0'),
(505, 67, 1, '0'),
(506, 67, 2, '0'),
(507, 67, 3, '0'),
(508, 67, 4, '0'),
(509, 67, 5, '0'),
(510, 67, 6, '0'),
(511, 67, 7, '0'),
(512, 67, 8, '0'),
(513, 68, 1, '0'),
(514, 68, 2, '0'),
(515, 68, 3, '0'),
(516, 68, 4, '0'),
(517, 68, 5, '0'),
(518, 68, 6, '0'),
(519, 68, 7, '0'),
(520, 68, 8, '0'),
(521, 69, 1, '2'),
(522, 69, 2, '4'),
(523, 69, 3, '0'),
(524, 69, 4, '0'),
(525, 69, 5, '0'),
(526, 69, 6, '0'),
(527, 69, 7, '1'),
(528, 69, 8, '1'),
(529, 70, 1, '2'),
(530, 70, 2, '4'),
(531, 70, 3, '0'),
(532, 70, 4, '1'),
(533, 70, 5, '0'),
(534, 70, 6, '4'),
(535, 70, 7, '1'),
(536, 70, 8, '1'),
(537, 71, 1, '0'),
(538, 71, 2, '1'),
(539, 71, 3, '0'),
(540, 71, 4, '0'),
(541, 71, 5, '0'),
(542, 71, 6, '0'),
(543, 71, 7, '1'),
(544, 71, 8, '1'),
(545, 72, 1, '2'),
(546, 72, 2, '4'),
(547, 72, 3, '0'),
(548, 72, 4, '3'),
(549, 72, 5, '0'),
(550, 72, 6, '4'),
(551, 72, 7, '1'),
(552, 72, 8, '1'),
(553, 73, 1, '2'),
(554, 73, 2, '0'),
(555, 73, 3, '0'),
(556, 73, 4, '0'),
(557, 73, 5, '0'),
(558, 73, 6, '4'),
(559, 73, 7, '1'),
(560, 73, 8, '1'),
(561, 74, 1, '3'),
(562, 74, 2, '3'),
(563, 74, 3, '3'),
(564, 74, 4, '0'),
(565, 74, 5, '3'),
(566, 74, 6, '4'),
(567, 74, 7, '1'),
(568, 74, 8, '1'),
(569, 75, 1, '2'),
(570, 75, 2, '4'),
(571, 75, 3, '3'),
(572, 75, 4, '3'),
(573, 75, 5, '3'),
(574, 75, 6, '4'),
(575, 75, 7, '1'),
(576, 75, 8, '1'),
(577, 76, 1, '2'),
(578, 76, 2, '4'),
(579, 76, 3, '3'),
(580, 76, 4, '0'),
(581, 76, 5, '4'),
(582, 76, 6, '4'),
(583, 76, 7, '1'),
(584, 76, 8, '1'),
(585, 77, 1, '0'),
(586, 77, 2, '0'),
(587, 77, 3, '0'),
(588, 77, 4, '0'),
(589, 77, 5, '0'),
(590, 77, 6, '0'),
(591, 77, 7, '0'),
(592, 77, 8, '0'),
(593, 78, 1, '0'),
(594, 78, 2, '0'),
(595, 78, 3, '0'),
(596, 78, 4, '0'),
(597, 78, 5, '0'),
(598, 78, 6, '1'),
(599, 78, 7, '0'),
(600, 78, 8, '0'),
(601, 79, 1, '2'),
(602, 79, 2, '0'),
(603, 79, 3, '0'),
(604, 79, 4, '0'),
(605, 79, 5, '3'),
(606, 79, 6, '4'),
(607, 79, 7, '1'),
(608, 79, 8, '1'),
(609, 80, 1, '2'),
(610, 80, 2, '0'),
(611, 80, 3, '0'),
(612, 80, 4, '0'),
(613, 80, 5, '0'),
(614, 80, 6, '4'),
(615, 80, 7, '1'),
(616, 80, 8, '1'),
(617, 81, 1, '2'),
(618, 81, 2, '0'),
(619, 81, 3, '0'),
(620, 81, 4, '0'),
(621, 81, 5, '0'),
(622, 81, 6, '4'),
(623, 81, 7, '1'),
(624, 81, 8, '1'),
(625, 82, 1, '2'),
(626, 82, 2, '0'),
(627, 82, 3, '3'),
(628, 82, 4, '0'),
(629, 82, 5, '0'),
(630, 82, 6, '0'),
(631, 82, 7, '0'),
(632, 82, 8, '0'),
(633, 83, 1, '0'),
(634, 83, 2, '0'),
(635, 83, 3, '0'),
(636, 83, 4, '0'),
(637, 83, 5, '0'),
(638, 83, 6, '0'),
(639, 83, 7, '0'),
(640, 83, 8, '0'),
(641, 84, 1, '0'),
(642, 84, 2, '0'),
(643, 84, 3, '0'),
(644, 84, 4, '0'),
(645, 84, 5, '0'),
(646, 84, 6, '0'),
(647, 84, 7, '0'),
(648, 84, 8, '0'),
(649, 85, 1, '0'),
(650, 85, 2, '0'),
(651, 85, 3, '0'),
(652, 85, 4, '0'),
(653, 85, 5, '0'),
(654, 85, 6, '0'),
(655, 85, 7, '0'),
(656, 85, 8, '0');

--
-- Indexes for dumped tables
--

--
-- Indexes for table `cities`
--
ALTER TABLE `cities`
  ADD PRIMARY KEY (`id`);

--
-- Indexes for table `dev_rating`
--
ALTER TABLE `dev_rating`
  ADD PRIMARY KEY (`id`),
  ADD KEY `unrated_feature_id` (`unrated_feature_id`),
  ADD KEY `rated_feature_id` (`rated_feature_id`),
  ADD KEY `cities_id` (`cities_id`);

--
-- Indexes for table `features`
--
ALTER TABLE `features`
  ADD PRIMARY KEY (`id`);

--
-- Indexes for table `not_rated_city`
--
ALTER TABLE `not_rated_city`
  ADD PRIMARY KEY (`id`),
  ADD KEY `city_id` (`cities_id`),
  ADD KEY `feature_id` (`features_id`);

--
-- Indexes for table `prediction_result`
--
ALTER TABLE `prediction_result`
  ADD PRIMARY KEY (`id`),
  ADD KEY `city_id` (`city_id`),
  ADD KEY `feature_id` (`feature_id`);

--
-- Indexes for table `rating`
--
ALTER TABLE `rating`
  ADD PRIMARY KEY (`id`),
  ADD KEY `cities_id` (`cities_id`),
  ADD KEY `features_id` (`features_id`);

--
-- Indexes for table `real_rating`
--
ALTER TABLE `real_rating`
  ADD PRIMARY KEY (`id`),
  ADD KEY `cities_id` (`cities_id`),
  ADD KEY `features_id` (`features_id`);

--
-- AUTO_INCREMENT for dumped tables
--

--
-- AUTO_INCREMENT for table `cities`
--
ALTER TABLE `cities`
  MODIFY `id` int(11) NOT NULL AUTO_INCREMENT, AUTO_INCREMENT=86;
--
-- AUTO_INCREMENT for table `dev_rating`
--
ALTER TABLE `dev_rating`
  MODIFY `id` int(11) NOT NULL AUTO_INCREMENT, AUTO_INCREMENT=9;
--
-- AUTO_INCREMENT for table `features`
--
ALTER TABLE `features`
  MODIFY `id` int(11) NOT NULL AUTO_INCREMENT, AUTO_INCREMENT=9;
--
-- AUTO_INCREMENT for table `not_rated_city`
--
ALTER TABLE `not_rated_city`
  MODIFY `id` int(11) NOT NULL AUTO_INCREMENT, AUTO_INCREMENT=2;
--
-- AUTO_INCREMENT for table `prediction_result`
--
ALTER TABLE `prediction_result`
  MODIFY `id` int(11) NOT NULL AUTO_INCREMENT;
--
-- AUTO_INCREMENT for table `rating`
--
ALTER TABLE `rating`
  MODIFY `id` int(11) NOT NULL AUTO_INCREMENT, AUTO_INCREMENT=628;
--
-- AUTO_INCREMENT for table `real_rating`
--
ALTER TABLE `real_rating`
  MODIFY `id` int(11) NOT NULL AUTO_INCREMENT, AUTO_INCREMENT=657;
--
-- Constraints for dumped tables
--

--
-- Constraints for table `dev_rating`
--
ALTER TABLE `dev_rating`
  ADD CONSTRAINT `dev_rating_ibfk_1` FOREIGN KEY (`unrated_feature_id`) REFERENCES `features` (`id`) ON DELETE CASCADE ON UPDATE CASCADE,
  ADD CONSTRAINT `dev_rating_ibfk_2` FOREIGN KEY (`rated_feature_id`) REFERENCES `features` (`id`) ON DELETE CASCADE ON UPDATE CASCADE,
  ADD CONSTRAINT `dev_rating_ibfk_3` FOREIGN KEY (`cities_id`) REFERENCES `cities` (`id`);

--
-- Constraints for table `not_rated_city`
--
ALTER TABLE `not_rated_city`
  ADD CONSTRAINT `not_rated_city_ibfk_1` FOREIGN KEY (`cities_id`) REFERENCES `cities` (`id`) ON DELETE CASCADE ON UPDATE CASCADE,
  ADD CONSTRAINT `not_rated_city_ibfk_2` FOREIGN KEY (`features_id`) REFERENCES `features` (`id`) ON DELETE CASCADE ON UPDATE CASCADE;

--
-- Constraints for table `prediction_result`
--
ALTER TABLE `prediction_result`
  ADD CONSTRAINT `prediction_result_ibfk_1` FOREIGN KEY (`city_id`) REFERENCES `cities` (`id`) ON DELETE CASCADE ON UPDATE CASCADE,
  ADD CONSTRAINT `prediction_result_ibfk_2` FOREIGN KEY (`feature_id`) REFERENCES `features` (`id`) ON DELETE CASCADE ON UPDATE CASCADE;

--
-- Constraints for table `rating`
--
ALTER TABLE `rating`
  ADD CONSTRAINT `rating_ibfk_1` FOREIGN KEY (`cities_id`) REFERENCES `cities` (`id`) ON DELETE CASCADE ON UPDATE CASCADE,
  ADD CONSTRAINT `rating_ibfk_2` FOREIGN KEY (`features_id`) REFERENCES `features` (`id`) ON DELETE CASCADE ON UPDATE CASCADE;

--
-- Constraints for table `real_rating`
--
ALTER TABLE `real_rating`
  ADD CONSTRAINT `real_rating_ibfk_1` FOREIGN KEY (`cities_id`) REFERENCES `cities` (`id`) ON DELETE CASCADE ON UPDATE CASCADE,
  ADD CONSTRAINT `real_rating_ibfk_2` FOREIGN KEY (`features_id`) REFERENCES `features` (`id`) ON DELETE CASCADE ON UPDATE CASCADE;

/*!40101 SET CHARACTER_SET_CLIENT=@OLD_CHARACTER_SET_CLIENT */;
/*!40101 SET CHARACTER_SET_RESULTS=@OLD_CHARACTER_SET_RESULTS */;
/*!40101 SET COLLATION_CONNECTION=@OLD_COLLATION_CONNECTION */;