-- phpMyAdmin SQL Dump
-- version 4.6.6deb5
-- https://www.phpmyadmin.net/
--
-- Host: localhost:3306
-- Generation Time: Nov 13, 2018 at 01:10 PM
-- Server version: 5.7.24-0ubuntu0.18.04.1
-- PHP Version: 7.0.32-4+ubuntu18.04.1+deb.sury.org+1

SET SQL_MODE = "NO_AUTO_VALUE_ON_ZERO";
SET time_zone = "+00:00";


/*!40101 SET @OLD_CHARACTER_SET_CLIENT=@@CHARACTER_SET_CLIENT */;
/*!40101 SET @OLD_CHARACTER_SET_RESULTS=@@CHARACTER_SET_RESULTS */;
/*!40101 SET @OLD_COLLATION_CONNECTION=@@COLLATION_CONNECTION */;
/*!40101 SET NAMES utf8mb4 */;

--
-- Database: `smart-city`
--

-- --------------------------------------------------------

--
-- Table structure for table `cities`
--

CREATE TABLE `cities` (
  `id` int(11) NOT NULL,
  `name` varchar(255) NOT NULL,
  `id_tipe_kota` int(11) NOT NULL
) ENGINE=InnoDB DEFAULT CHARSET=latin1;

--
-- Dumping data for table `cities`
--

INSERT INTO `cities` (`id`, `name`, `id_tipe_kota`) VALUES
(1, 'DKI Jakarta', 4),
(2, 'Kota Cirebon', 2),
(3, 'Kota Pasuruan', 2),
(4, 'SURABAYA', 4),
(5, 'Kediri', 2),
(6, 'Malang', 3),
(7, 'Semarang', 4),
(8, 'Kota Surakarta', 2),
(9, 'Kota Sorong', 2),
(10, 'Kota Batu', 2),
(11, 'Kota Kotamobago', 1),
(12, 'Balikpapan', 3),
(13, 'Kota Cimahi', 3),
(14, 'Kupang', 2),
(15, 'Lhokseumawe', 2),
(16, 'Banda Aceh', 2),
(17, 'Jayapura', 2),
(18, 'Bengkulu', 2),
(19, 'Kota Parepare', 2),
(20, 'Manado', 2),
(21, 'Kota Palu', 2),
(22, 'Kota Banjarbaru', 2),
(23, 'Kota Kendari', 2),
(24, 'Kota Lubuklingga', 2),
(25, 'Kota Ternate', 2);

-- --------------------------------------------------------

--
-- Table structure for table `dev_rating`
--

CREATE TABLE `dev_rating` (
  `id` int(11) NOT NULL,
  `cities_id` int(11) NOT NULL,
  `unrated_feature_id` int(11) NOT NULL,
  `rated_feature_id` int(11) NOT NULL,
  `deviation_result` float NOT NULL
) ENGINE=InnoDB DEFAULT CHARSET=latin1;

--
-- Dumping data for table `dev_rating`
--

INSERT INTO `dev_rating` (`id`, `cities_id`, `unrated_feature_id`, `rated_feature_id`, `deviation_result`) VALUES
(1, 1, 4, 1, 0.42),
(2, 1, 4, 2, -0.8),
(3, 1, 4, 3, -0.56),
(4, 1, 4, 6, -0.91),
(5, 1, 4, 8, 1.08),
(6, 1, 4, 7, 1.08),
(7, 1, 5, 1, 1.15),
(8, 1, 5, 2, 0.09),
(9, 1, 5, 3, 0.18),
(10, 1, 5, 6, -0.09),
(11, 1, 5, 7, 1.69),
(12, 1, 5, 8, 1.69),
(13, 1, 5, 4, 0.67),
(14, 2, 3, 1, 1),
(15, 2, 3, 2, 0),
(16, 2, 3, 6, -0.08),
(17, 2, 3, 7, 1.69),
(18, 2, 3, 8, 1.69),
(19, 2, 4, 1, 0.39),
(20, 2, 4, 2, -0.63),
(21, 2, 4, 6, -0.99),
(22, 2, 4, 7, 1.08),
(23, 2, 4, 8, 1.08),
(24, 2, 4, 3, -0.59),
(25, 2, 5, 1, 1.01),
(26, 2, 5, 2, 0.09),
(27, 2, 5, 6, -0.32),
(28, 2, 5, 7, 1.58),
(29, 2, 5, 8, 1.58),
(30, 2, 5, 3, 0.01),
(31, 2, 5, 4, 0.51),
(32, 3, 3, 1, 0.99),
(33, 3, 3, 2, 0.08),
(34, 3, 3, 6, -0.16),
(35, 3, 3, 7, 1.71),
(36, 3, 3, 8, 1.71),
(37, 3, 4, 1, 0.3),
(38, 3, 4, 2, -0.65),
(39, 3, 4, 6, -1.14),
(40, 3, 4, 7, 1.02),
(41, 3, 4, 8, 1.02),
(42, 3, 4, 3, -0.7),
(43, 3, 5, 1, 0.87),
(44, 3, 5, 2, 0),
(45, 3, 5, 6, -0.54),
(46, 3, 5, 7, 1.47),
(47, 3, 5, 8, 1.47),
(48, 3, 5, 3, -0.14),
(49, 3, 5, 4, 0.44),
(50, 4, 3, 1, 0.89),
(51, 4, 3, 2, 0.12),
(52, 4, 3, 4, 0.77),
(53, 4, 3, 6, -0.04),
(54, 4, 3, 7, 1.69),
(55, 4, 3, 8, 1.69),
(56, 4, 5, 1, 0.67),
(57, 4, 5, 2, -0.09),
(58, 4, 5, 4, 0.38),
(59, 4, 5, 6, -0.52),
(60, 4, 5, 7, 1.36),
(61, 4, 5, 8, 1.36),
(62, 4, 5, 3, -0.26),
(63, 5, 3, 1, 0.89),
(64, 5, 3, 2, 0.25),
(65, 5, 3, 5, 0.35),
(66, 5, 3, 6, -0.12),
(67, 5, 3, 7, 1.7),
(68, 5, 3, 8, 1.7),
(69, 5, 4, 1, 0.15),
(70, 5, 4, 2, -0.68),
(71, 5, 4, 5, -0.22),
(72, 5, 4, 6, -1.06),
(73, 5, 4, 7, 0.95),
(74, 5, 4, 8, 0.95),
(75, 5, 4, 3, -0.7),
(76, 6, 2, 1, 0.55),
(77, 6, 2, 3, -0.24),
(78, 6, 2, 4, 0.75),
(79, 6, 2, 5, 0.06),
(80, 6, 2, 6, -0.53),
(81, 6, 2, 7, 1.6),
(82, 6, 2, 8, 1.6),
(83, 12, 3, 1, 0.9),
(84, 12, 3, 2, 0.21),
(85, 12, 3, 6, -0.16),
(86, 12, 3, 7, 1.73),
(87, 12, 3, 8, 1.73),
(88, 12, 4, 1, 0.09),
(89, 12, 4, 2, -0.72),
(90, 12, 4, 6, -1.17),
(91, 12, 4, 7, 0.9),
(92, 12, 4, 8, 0.9),
(93, 12, 4, 3, -0.78),
(94, 12, 5, 1, 0.59),
(95, 12, 5, 2, -0.01),
(96, 12, 5, 6, -0.66),
(97, 12, 5, 7, 1.3),
(98, 12, 5, 8, 1.3),
(99, 12, 5, 3, -0.33),
(100, 12, 5, 4, 0.33),
(101, 13, 2, 1, 0.53),
(102, 13, 2, 3, -0.23),
(103, 13, 2, 6, -0.54),
(104, 13, 2, 7, 1.63),
(105, 13, 2, 8, 1.63),
(106, 13, 4, 1, -0.06),
(107, 13, 4, 6, -1.25),
(108, 13, 4, 7, 0.88),
(109, 13, 4, 8, 0.88),
(110, 13, 4, 2, -0.77),
(111, 13, 5, 1, 0.4),
(112, 13, 5, 3, -0.46),
(113, 13, 5, 6, -0.81),
(114, 13, 5, 7, 1.23),
(115, 13, 5, 8, 1.23),
(116, 13, 5, 2, -0.12),
(117, 13, 5, 4, 0.28),
(118, 15, 2, 1, 0.55),
(119, 15, 2, 3, -0.27),
(120, 15, 2, 4, 0.8),
(121, 15, 2, 5, 0.2),
(122, 15, 2, 7, 1.6),
(123, 15, 2, 8, 1.6),
(124, 15, 6, 1, 1.13),
(125, 15, 6, 3, 0.19),
(126, 15, 6, 4, 1.2),
(127, 15, 6, 5, 0.79),
(128, 15, 6, 7, 2.3),
(129, 15, 6, 8, 2.3),
(130, 15, 6, 2, 0.47),
(131, 16, 3, 1, 0.82),
(132, 16, 3, 2, 0.24),
(133, 16, 3, 6, -0.07),
(134, 16, 3, 7, 1.77),
(135, 16, 3, 8, 1.77),
(136, 16, 4, 1, -0.08),
(137, 16, 4, 2, -0.77),
(138, 16, 4, 6, -1.03),
(139, 16, 4, 7, 0.81),
(140, 16, 4, 8, 0.81),
(141, 16, 4, 3, -0.95),
(142, 16, 5, 1, 0.35),
(143, 16, 5, 2, -0.2),
(144, 16, 5, 6, -0.64),
(145, 16, 5, 7, 1.14),
(146, 16, 5, 8, 1.14),
(147, 16, 5, 3, -0.57),
(148, 16, 5, 4, 0.25),
(149, 17, 3, 1, 0.79),
(150, 17, 3, 2, 0.29),
(151, 17, 3, 6, -0.11),
(152, 17, 3, 7, 1.79),
(153, 17, 3, 8, 1.79),
(154, 17, 4, 1, -0.17),
(155, 17, 4, 2, -0.77),
(156, 17, 4, 6, -1.12),
(157, 17, 4, 7, 0.78),
(158, 17, 4, 8, 0.78),
(159, 17, 4, 3, -1.01),
(160, 17, 5, 1, 0.23),
(161, 17, 5, 2, -0.25),
(162, 17, 5, 6, -0.77),
(163, 17, 5, 7, 1.08),
(164, 17, 5, 8, 1.08),
(165, 17, 5, 3, -0.66),
(166, 17, 5, 4, 0.22),
(167, 18, 3, 1, 0.81),
(168, 18, 3, 2, 0.24),
(169, 18, 3, 4, 1.06),
(170, 18, 3, 6, -0.14),
(171, 18, 3, 7, 1.81),
(172, 18, 3, 8, 1.81),
(173, 18, 5, 1, 0.16),
(174, 18, 5, 2, -0.38),
(175, 18, 5, 4, 0.18),
(176, 18, 5, 6, -0.89),
(177, 18, 5, 7, 1.02),
(178, 18, 5, 8, 1.02),
(179, 18, 5, 3, -0.74),
(180, 19, 3, 1, 0.83),
(181, 19, 3, 2, 0.19),
(182, 19, 3, 4, 1.12),
(183, 19, 3, 6, -0.18),
(184, 19, 3, 7, 1.83),
(185, 19, 3, 8, 1.83),
(186, 19, 5, 1, 0.13),
(187, 19, 5, 2, -0.49),
(188, 19, 5, 4, 0.19),
(189, 19, 5, 6, -0.97),
(190, 19, 5, 7, 0.99),
(191, 19, 5, 8, 0.99),
(192, 19, 5, 3, -0.79),
(193, 20, 4, 1, -0.19),
(194, 20, 4, 2, -0.87),
(195, 20, 4, 3, -1.08),
(196, 20, 4, 5, -0.1),
(197, 20, 4, 6, -1.2),
(198, 20, 4, 8, 0.76),
(199, 20, 4, 7, 0.76),
(200, 22, 4, 1, -0.22),
(201, 22, 4, 2, -0.86),
(202, 22, 4, 3, -1.07),
(203, 22, 4, 5, -0.13),
(204, 22, 4, 6, -1.22),
(205, 22, 4, 7, 0.78),
(206, 22, 4, 8, 0.78),
(207, 23, 2, 1, 0.67),
(208, 23, 2, 6, -0.35),
(209, 23, 2, 7, 1.54),
(210, 23, 2, 8, 1.54),
(211, 23, 3, 1, 0.86),
(212, 23, 3, 6, -0.2),
(213, 23, 3, 7, 1.86),
(214, 23, 3, 8, 1.86),
(215, 23, 3, 2, 0.15),
(216, 23, 4, 1, -0.19),
(217, 23, 4, 6, -1.24),
(218, 23, 4, 7, 0.81),
(219, 23, 4, 8, 0.81),
(220, 23, 4, 2, -0.89),
(221, 23, 4, 3, -1.04),
(222, 23, 5, 1, 0.1),
(223, 23, 5, 6, -1.04),
(224, 23, 5, 7, 0.97),
(225, 23, 5, 8, 0.97),
(226, 23, 5, 2, -0.57),
(227, 23, 5, 3, -0.84),
(228, 23, 5, 4, 0.2),
(229, 24, 2, 1, 0.68),
(230, 24, 2, 6, -0.38),
(231, 24, 2, 7, 1.55),
(232, 24, 2, 8, 1.55),
(233, 24, 3, 1, 0.79),
(234, 24, 3, 6, -0.3),
(235, 24, 3, 7, 1.79),
(236, 24, 3, 8, 1.79),
(237, 24, 3, 2, 0.08),
(238, 24, 4, 1, -0.23),
(239, 24, 4, 6, -1.32),
(240, 24, 4, 7, 0.77),
(241, 24, 4, 2, -0.94),
(242, 24, 4, 8, 0.77),
(243, 24, 4, 3, -1.02),
(244, 24, 5, 1, 0.04),
(245, 24, 5, 6, -1.14),
(246, 24, 5, 7, 0.91),
(247, 24, 5, 8, 0.91),
(248, 24, 5, 2, -0.64),
(249, 24, 5, 3, -0.84),
(250, 24, 5, 4, 0.18),
(251, 25, 3, 1, 0.73),
(252, 25, 3, 2, 0.01),
(253, 25, 3, 5, 0.83),
(254, 25, 3, 7, 1.73),
(255, 25, 3, 8, 1.73),
(256, 25, 4, 1, -0.27),
(257, 25, 4, 2, -0.99),
(258, 25, 4, 5, -0.17),
(259, 25, 4, 7, 0.73),
(260, 25, 4, 8, 0.73),
(261, 25, 4, 3, -1),
(262, 25, 6, 1, 1.13),
(263, 25, 6, 2, 0.42),
(264, 25, 6, 5, 1.24),
(265, 25, 6, 7, 2.13),
(266, 25, 6, 8, 2.13),
(267, 25, 6, 3, 0.4),
(268, 25, 6, 4, 1.4);

-- --------------------------------------------------------

--
-- Table structure for table `features`
--

CREATE TABLE `features` (
  `id` int(11) NOT NULL,
  `features` varchar(255) NOT NULL
) ENGINE=InnoDB DEFAULT CHARSET=latin1;

--
-- Dumping data for table `features`
--

INSERT INTO `features` (`id`, `features`) VALUES
(1, 'SMART ENERGY'),
(2, 'SMART INFRASTRUCTURE'),
(3, 'SMART PEOPLE'),
(4, 'SMART HEALTH'),
(5, 'SMART MOBILITY'),
(6, 'SMART GOVERNMENT'),
(7, 'SMART EDUCATION'),
(8, 'SMART TECHNOLOGY');

-- --------------------------------------------------------

--
-- Table structure for table `not_rated_city`
--

CREATE TABLE `not_rated_city` (
  `id` int(11) NOT NULL,
  `cities_id` int(11) NOT NULL,
  `features_id` int(11) NOT NULL,
  `nilai_rating` varchar(255) NOT NULL
) ENGINE=InnoDB DEFAULT CHARSET=latin1;

-- --------------------------------------------------------

--
-- Table structure for table `prediction_result`
--

CREATE TABLE `prediction_result` (
  `id` int(11) NOT NULL,
  `cities_id` int(11) NOT NULL,
  `features_id` int(11) NOT NULL,
  `nilai_rating` float NOT NULL
) ENGINE=InnoDB DEFAULT CHARSET=latin1;

--
-- Dumping data for table `prediction_result`
--

INSERT INTO `prediction_result` (`id`, `cities_id`, `features_id`, `nilai_rating`) VALUES
(1, 1, 4, 2.07),
(2, 1, 5, 1.12),
(3, 2, 3, 2.88),
(4, 2, 4, 1.16),
(5, 2, 5, 0.91),
(6, 3, 3, 2.51),
(7, 3, 4, 0.96),
(8, 3, 5, 0.74),
(9, 4, 3, 2.87),
(10, 4, 5, 1.27),
(11, 5, 3, 3.11),
(12, 5, 4, 1.28),
(13, 6, 2, 3.22),
(14, 12, 3, 3.48),
(15, 12, 4, 1.46),
(16, 12, 5, 1.07),
(17, 13, 2, 1.98),
(18, 13, 4, 0.67),
(19, 13, 5, 0.54),
(20, 15, 2, 4.25),
(21, 15, 6, 2.13),
(22, 16, 3, 3.11),
(23, 16, 4, 1.22),
(24, 16, 5, 0.86),
(25, 17, 3, 3.31),
(26, 17, 4, 1.32),
(27, 17, 5, 0.91),
(28, 18, 3, 3.12),
(29, 18, 5, 1.33),
(30, 19, 3, 3.43),
(31, 19, 5, 1.49),
(32, 20, 4, 2.3),
(33, 22, 4, 2.44),
(34, 23, 2, 2.84),
(35, 23, 3, 1.33),
(36, 23, 4, 0.78),
(37, 23, 5, 0.6),
(38, 24, 2, 2.84),
(39, 24, 3, 1.3),
(40, 24, 4, 0.77),
(41, 24, 5, 0.58),
(42, 25, 3, 4.21),
(43, 25, 4, 1.77),
(44, 25, 6, 1.3);

-- --------------------------------------------------------

--
-- Table structure for table `rating`
--

CREATE TABLE `rating` (
  `id` int(11) NOT NULL,
  `cities_id` int(11) NOT NULL,
  `features_id` int(11) NOT NULL,
  `nilai_rating` varchar(255) NOT NULL
) ENGINE=InnoDB DEFAULT CHARSET=latin1;

--
-- Dumping data for table `rating`
--

INSERT INTO `rating` (`id`, `cities_id`, `features_id`, `nilai_rating`) VALUES
(1, 1, 1, '2'),
(2, 1, 2, '1'),
(3, 1, 3, '3'),
(6, 1, 6, '4'),
(7, 1, 7, '1'),
(8, 1, 8, '1'),
(9, 2, 1, '2'),
(10, 2, 2, '2'),
(14, 2, 6, '4'),
(15, 2, 7, '1'),
(16, 2, 8, '1'),
(17, 3, 1, '3'),
(18, 3, 2, '2'),
(22, 3, 6, '1'),
(23, 3, 7, '1'),
(24, 3, 8, '1'),
(25, 4, 1, '2'),
(26, 4, 2, '1'),
(28, 4, 4, '3'),
(30, 4, 6, '4'),
(31, 4, 7, '1'),
(32, 4, 8, '1'),
(33, 5, 1, '2'),
(34, 5, 2, '3'),
(37, 5, 5, '3'),
(38, 5, 6, '4'),
(39, 5, 7, '1'),
(40, 5, 8, '1'),
(41, 6, 1, '3'),
(43, 6, 3, '3'),
(44, 6, 4, '3'),
(45, 6, 5, '4'),
(46, 6, 6, '4'),
(47, 6, 7, '1'),
(48, 6, 8, '1'),
(49, 7, 1, '3'),
(50, 7, 2, '3'),
(51, 7, 3, '3'),
(52, 7, 4, '2'),
(53, 7, 5, '3'),
(54, 7, 6, '3'),
(55, 7, 7, '1'),
(56, 7, 8, '1'),
(57, 8, 1, '3'),
(58, 8, 2, '3'),
(59, 8, 3, '3'),
(60, 8, 4, '2'),
(61, 8, 5, '3'),
(62, 8, 6, '2'),
(63, 8, 7, '1'),
(64, 8, 8, '1'),
(65, 9, 1, '2'),
(66, 9, 2, '3'),
(67, 9, 3, '3'),
(68, 9, 4, '2'),
(69, 9, 5, '3'),
(70, 9, 6, '4'),
(71, 9, 7, '1'),
(72, 9, 8, '1'),
(73, 10, 1, '3'),
(74, 10, 2, '3'),
(75, 10, 3, '3'),
(76, 10, 4, '2'),
(77, 10, 5, '3'),
(78, 10, 6, '2'),
(79, 10, 7, '1'),
(80, 10, 8, '1'),
(81, 11, 1, '2'),
(82, 11, 2, '3'),
(83, 11, 3, '3'),
(84, 11, 4, '2'),
(85, 11, 5, '3'),
(86, 11, 6, '2'),
(87, 11, 7, '1'),
(88, 11, 8, '1'),
(89, 12, 1, '4'),
(90, 12, 2, '3'),
(94, 12, 6, '4'),
(95, 12, 7, '1'),
(96, 12, 8, '1'),
(97, 13, 1, '1'),
(99, 13, 3, '3'),
(102, 13, 6, '1'),
(103, 13, 7, '1'),
(104, 13, 8, '1'),
(105, 14, 1, '1'),
(106, 14, 2, '4'),
(107, 14, 3, '4'),
(108, 14, 4, '4'),
(109, 14, 5, '4'),
(110, 14, 6, '4'),
(111, 14, 7, '4'),
(112, 14, 8, '4'),
(113, 15, 1, '1'),
(115, 15, 3, '4'),
(116, 15, 4, '4'),
(117, 15, 5, '4'),
(119, 15, 7, '4'),
(120, 15, 8, '4'),
(121, 16, 1, '3'),
(122, 16, 2, '2'),
(126, 16, 6, '4'),
(127, 16, 7, '1'),
(128, 16, 8, '1'),
(129, 17, 1, '2'),
(130, 17, 2, '4'),
(134, 17, 6, '4'),
(135, 17, 7, '1'),
(136, 17, 8, '1'),
(137, 18, 1, '2'),
(138, 18, 2, '4'),
(140, 18, 4, '1'),
(142, 18, 6, '4'),
(143, 18, 7, '1'),
(144, 18, 8, '1'),
(145, 19, 1, '2'),
(146, 19, 2, '4'),
(148, 19, 4, '3'),
(150, 19, 6, '4'),
(151, 19, 7, '1'),
(152, 19, 8, '1'),
(153, 20, 1, '3'),
(154, 20, 2, '3'),
(155, 20, 3, '3'),
(157, 20, 5, '3'),
(158, 20, 6, '4'),
(159, 20, 7, '1'),
(160, 20, 8, '1'),
(161, 21, 1, '2'),
(162, 21, 2, '4'),
(163, 21, 3, '3'),
(164, 21, 4, '3'),
(165, 21, 5, '3'),
(166, 21, 6, '4'),
(167, 21, 7, '1'),
(168, 21, 8, '1'),
(169, 22, 1, '2'),
(170, 22, 2, '4'),
(171, 22, 3, '3'),
(173, 22, 5, '4'),
(174, 22, 6, '4'),
(175, 22, 7, '1'),
(176, 22, 8, '1'),
(177, 23, 1, '2'),
(182, 23, 6, '4'),
(183, 23, 7, '1'),
(184, 23, 8, '1'),
(185, 24, 1, '2'),
(190, 24, 6, '4'),
(191, 24, 7, '1'),
(192, 24, 8, '1'),
(193, 25, 1, '2'),
(194, 25, 2, '2'),
(197, 25, 5, '4'),
(199, 25, 7, '4'),
(200, 25, 8, '4'),
(201, 1, 4, '2.07'),
(202, 1, 5, '1.12'),
(203, 2, 3, '2.88'),
(204, 2, 4, '1.16'),
(205, 2, 5, '0.91'),
(206, 3, 3, '2.51'),
(207, 3, 4, '0.96'),
(208, 3, 5, '0.74'),
(209, 4, 3, '2.87'),
(210, 4, 5, '1.27'),
(211, 5, 3, '3.11'),
(212, 5, 4, '1.28'),
(213, 6, 2, '3.22'),
(214, 12, 3, '3.48'),
(215, 12, 4, '1.46'),
(216, 12, 5, '1.07'),
(217, 13, 2, '1.98'),
(218, 13, 4, '0.67'),
(219, 13, 5, '0.54'),
(220, 15, 2, '4.25'),
(221, 15, 6, '2.13'),
(222, 16, 3, '3.11'),
(223, 16, 4, '1.22'),
(224, 16, 5, '0.86'),
(225, 17, 3, '3.31'),
(226, 17, 4, '1.32'),
(227, 17, 5, '0.91'),
(228, 18, 3, '3.12'),
(229, 18, 5, '1.33'),
(230, 19, 3, '3.43'),
(231, 19, 5, '1.49'),
(232, 20, 4, '2.30'),
(233, 22, 4, '2.44'),
(234, 23, 2, '2.84'),
(235, 23, 3, '1.33'),
(236, 23, 4, '0.78'),
(237, 23, 5, '0.60'),
(238, 24, 2, '2.84'),
(239, 24, 3, '1.30'),
(240, 24, 4, '0.77'),
(241, 24, 5, '0.58'),
(242, 25, 3, '4.21'),
(243, 25, 4, '1.77'),
(244, 25, 6, '1.30');

-- --------------------------------------------------------

--
-- Table structure for table `real_rating`
--

CREATE TABLE `real_rating` (
  `id` int(11) NOT NULL,
  `cities_id` int(11) NOT NULL,
  `features_id` int(11) NOT NULL,
  `nilai_rating` varchar(255) NOT NULL
) ENGINE=InnoDB DEFAULT CHARSET=latin1;

--
-- Dumping data for table `real_rating`
--

INSERT INTO `real_rating` (`id`, `cities_id`, `features_id`, `nilai_rating`) VALUES
(1, 1, 1, '2'),
(2, 1, 2, '1'),
(3, 1, 3, '3'),
(4, 1, 4, '0'),
(5, 1, 5, '0'),
(6, 1, 6, '4'),
(7, 1, 7, '1'),
(8, 1, 8, '1'),
(9, 2, 1, '2'),
(10, 2, 2, '2'),
(11, 2, 3, '0'),
(12, 2, 4, '0'),
(13, 2, 5, '0'),
(14, 2, 6, '4'),
(15, 2, 7, '1'),
(16, 2, 8, '1'),
(17, 3, 1, '3'),
(18, 3, 2, '2'),
(19, 3, 3, '0'),
(20, 3, 4, '0'),
(21, 3, 5, '0'),
(22, 3, 6, '1'),
(23, 3, 7, '1'),
(24, 3, 8, '1'),
(25, 4, 1, '2'),
(26, 4, 2, '1'),
(27, 4, 3, '0'),
(28, 4, 4, '3'),
(29, 4, 5, '0'),
(30, 4, 6, '4'),
(31, 4, 7, '1'),
(32, 4, 8, '1'),
(33, 5, 1, '2'),
(34, 5, 2, '3'),
(35, 5, 3, '0'),
(36, 5, 4, '0'),
(37, 5, 5, '3'),
(38, 5, 6, '4'),
(39, 5, 7, '1'),
(40, 5, 8, '1'),
(41, 6, 1, '3'),
(42, 6, 2, '0'),
(43, 6, 3, '3'),
(44, 6, 4, '3'),
(45, 6, 5, '4'),
(46, 6, 6, '4'),
(47, 6, 7, '1'),
(48, 6, 8, '1'),
(49, 7, 1, '3'),
(50, 7, 2, '3'),
(51, 7, 3, '3'),
(52, 7, 4, '2'),
(53, 7, 5, '3'),
(54, 7, 6, '3'),
(55, 7, 7, '1'),
(56, 7, 8, '1'),
(57, 8, 1, '3'),
(58, 8, 2, '3'),
(59, 8, 3, '3'),
(60, 8, 4, '2'),
(61, 8, 5, '3'),
(62, 8, 6, '2'),
(63, 8, 7, '1'),
(64, 8, 8, '1'),
(65, 9, 1, '2'),
(66, 9, 2, '3'),
(67, 9, 3, '3'),
(68, 9, 4, '2'),
(69, 9, 5, '3'),
(70, 9, 6, '4'),
(71, 9, 7, '1'),
(72, 9, 8, '1'),
(73, 10, 1, '3'),
(74, 10, 2, '3'),
(75, 10, 3, '3'),
(76, 10, 4, '2'),
(77, 10, 5, '3'),
(78, 10, 6, '2'),
(79, 10, 7, '1'),
(80, 10, 8, '1'),
(81, 11, 1, '2'),
(82, 11, 2, '3'),
(83, 11, 3, '3'),
(84, 11, 4, '2'),
(85, 11, 5, '3'),
(86, 11, 6, '2'),
(87, 11, 7, '1'),
(88, 11, 8, '1'),
(89, 12, 1, '4'),
(90, 12, 2, '3'),
(91, 12, 3, '0'),
(92, 12, 4, '0'),
(93, 12, 5, '0'),
(94, 12, 6, '4'),
(95, 12, 7, '1'),
(96, 12, 8, '1'),
(97, 13, 1, '1'),
(98, 13, 2, '0'),
(99, 13, 3, '3'),
(100, 13, 4, '0'),
(101, 13, 5, '0'),
(102, 13, 6, '1'),
(103, 13, 7, '1'),
(104, 13, 8, '1'),
(105, 14, 1, '1'),
(106, 14, 2, '4'),
(107, 14, 3, '4'),
(108, 14, 4, '4'),
(109, 14, 5, '4'),
(110, 14, 6, '4'),
(111, 14, 7, '4'),
(112, 14, 8, '4'),
(113, 15, 1, '1'),
(114, 15, 2, '0'),
(115, 15, 3, '4'),
(116, 15, 4, '4'),
(117, 15, 5, '4'),
(118, 15, 6, '0'),
(119, 15, 7, '4'),
(120, 15, 8, '4'),
(121, 16, 1, '3'),
(122, 16, 2, '2'),
(123, 16, 3, '0'),
(124, 16, 4, '0'),
(125, 16, 5, '0'),
(126, 16, 6, '4'),
(127, 16, 7, '1'),
(128, 16, 8, '1'),
(129, 17, 1, '2'),
(130, 17, 2, '4'),
(131, 17, 3, '0'),
(132, 17, 4, '0'),
(133, 17, 5, '0'),
(134, 17, 6, '4'),
(135, 17, 7, '1'),
(136, 17, 8, '1'),
(137, 18, 1, '2'),
(138, 18, 2, '4'),
(139, 18, 3, '0'),
(140, 18, 4, '1'),
(141, 18, 5, '0'),
(142, 18, 6, '4'),
(143, 18, 7, '1'),
(144, 18, 8, '1'),
(145, 19, 1, '2'),
(146, 19, 2, '4'),
(147, 19, 3, '0'),
(148, 19, 4, '3'),
(149, 19, 5, '0'),
(150, 19, 6, '4'),
(151, 19, 7, '1'),
(152, 19, 8, '1'),
(153, 20, 1, '3'),
(154, 20, 2, '3'),
(155, 20, 3, '3'),
(156, 20, 4, '0'),
(157, 20, 5, '3'),
(158, 20, 6, '4'),
(159, 20, 7, '1'),
(160, 20, 8, '1'),
(161, 21, 1, '2'),
(162, 21, 2, '4'),
(163, 21, 3, '3'),
(164, 21, 4, '3'),
(165, 21, 5, '3'),
(166, 21, 6, '4'),
(167, 21, 7, '1'),
(168, 21, 8, '1'),
(169, 22, 1, '2'),
(170, 22, 2, '4'),
(171, 22, 3, '3'),
(172, 22, 4, '0'),
(173, 22, 5, '4'),
(174, 22, 6, '4'),
(175, 22, 7, '1'),
(176, 22, 8, '1'),
(177, 23, 1, '2'),
(178, 23, 2, '0'),
(179, 23, 3, '0'),
(180, 23, 4, '0'),
(181, 23, 5, '0'),
(182, 23, 6, '4'),
(183, 23, 7, '1'),
(184, 23, 8, '1'),
(185, 24, 1, '2'),
(186, 24, 2, '0'),
(187, 24, 3, '0'),
(188, 24, 4, '0'),
(189, 24, 5, '0'),
(190, 24, 6, '4'),
(191, 24, 7, '1'),
(192, 24, 8, '1'),
(193, 25, 1, '2'),
(194, 25, 2, '2'),
(195, 25, 3, '0'),
(196, 25, 4, '0'),
(197, 25, 5, '4'),
(198, 25, 6, '0'),
(199, 25, 7, '4'),
(200, 25, 8, '4');

-- --------------------------------------------------------

--
-- Table structure for table `tipe_kota`
--

CREATE TABLE `tipe_kota` (
  `id` int(11) NOT NULL,
  `tipe_kota` varchar(255) NOT NULL
) ENGINE=InnoDB DEFAULT CHARSET=latin1;

--
-- Dumping data for table `tipe_kota`
--

INSERT INTO `tipe_kota` (`id`, `tipe_kota`) VALUES
(1, 'Kota Kecil'),
(2, 'Kota Sedang'),
(3, 'Kota Besar'),
(4, 'Kota Metropolis');

--
-- Indexes for dumped tables
--

--
-- Indexes for table `cities`
--
ALTER TABLE `cities`
  ADD PRIMARY KEY (`id`),
  ADD KEY `id_tipe_kota` (`id_tipe_kota`);

--
-- Indexes for table `dev_rating`
--
ALTER TABLE `dev_rating`
  ADD PRIMARY KEY (`id`),
  ADD KEY `unrated_feature_id` (`unrated_feature_id`),
  ADD KEY `rated_feature_id` (`rated_feature_id`),
  ADD KEY `cities_id` (`cities_id`);

--
-- Indexes for table `features`
--
ALTER TABLE `features`
  ADD PRIMARY KEY (`id`);

--
-- Indexes for table `not_rated_city`
--
ALTER TABLE `not_rated_city`
  ADD PRIMARY KEY (`id`),
  ADD KEY `city_id` (`cities_id`),
  ADD KEY `feature_id` (`features_id`);

--
-- Indexes for table `prediction_result`
--
ALTER TABLE `prediction_result`
  ADD PRIMARY KEY (`id`),
  ADD KEY `city_id` (`cities_id`),
  ADD KEY `feature_id` (`features_id`);

--
-- Indexes for table `rating`
--
ALTER TABLE `rating`
  ADD PRIMARY KEY (`id`),
  ADD KEY `cities_id` (`cities_id`),
  ADD KEY `features_id` (`features_id`);

--
-- Indexes for table `real_rating`
--
ALTER TABLE `real_rating`
  ADD PRIMARY KEY (`id`),
  ADD KEY `cities_id` (`cities_id`),
  ADD KEY `features_id` (`features_id`);

--
-- Indexes for table `tipe_kota`
--
ALTER TABLE `tipe_kota`
  ADD PRIMARY KEY (`id`);

--
-- AUTO_INCREMENT for dumped tables
--

--
-- AUTO_INCREMENT for table `cities`
--
ALTER TABLE `cities`
  MODIFY `id` int(11) NOT NULL AUTO_INCREMENT, AUTO_INCREMENT=26;
--
-- AUTO_INCREMENT for table `dev_rating`
--
ALTER TABLE `dev_rating`
  MODIFY `id` int(11) NOT NULL AUTO_INCREMENT, AUTO_INCREMENT=269;
--
-- AUTO_INCREMENT for table `features`
--
ALTER TABLE `features`
  MODIFY `id` int(11) NOT NULL AUTO_INCREMENT, AUTO_INCREMENT=9;
--
-- AUTO_INCREMENT for table `not_rated_city`
--
ALTER TABLE `not_rated_city`
  MODIFY `id` int(11) NOT NULL AUTO_INCREMENT;
--
-- AUTO_INCREMENT for table `prediction_result`
--
ALTER TABLE `prediction_result`
  MODIFY `id` int(11) NOT NULL AUTO_INCREMENT, AUTO_INCREMENT=45;
--
-- AUTO_INCREMENT for table `rating`
--
ALTER TABLE `rating`
  MODIFY `id` int(11) NOT NULL AUTO_INCREMENT, AUTO_INCREMENT=245;
--
-- AUTO_INCREMENT for table `real_rating`
--
ALTER TABLE `real_rating`
  MODIFY `id` int(11) NOT NULL AUTO_INCREMENT, AUTO_INCREMENT=201;
--
-- AUTO_INCREMENT for table `tipe_kota`
--
ALTER TABLE `tipe_kota`
  MODIFY `id` int(11) NOT NULL AUTO_INCREMENT, AUTO_INCREMENT=5;
--
-- Constraints for dumped tables
--

--
-- Constraints for table `cities`
--
ALTER TABLE `cities`
  ADD CONSTRAINT `cities_ibfk_1` FOREIGN KEY (`id_tipe_kota`) REFERENCES `tipe_kota` (`id`) ON DELETE CASCADE ON UPDATE CASCADE;

--
-- Constraints for table `dev_rating`
--
ALTER TABLE `dev_rating`
  ADD CONSTRAINT `dev_rating_ibfk_1` FOREIGN KEY (`unrated_feature_id`) REFERENCES `features` (`id`) ON DELETE CASCADE ON UPDATE CASCADE,
  ADD CONSTRAINT `dev_rating_ibfk_2` FOREIGN KEY (`rated_feature_id`) REFERENCES `features` (`id`) ON DELETE CASCADE ON UPDATE CASCADE,
  ADD CONSTRAINT `dev_rating_ibfk_3` FOREIGN KEY (`cities_id`) REFERENCES `cities` (`id`);

--
-- Constraints for table `not_rated_city`
--
ALTER TABLE `not_rated_city`
  ADD CONSTRAINT `not_rated_city_ibfk_1` FOREIGN KEY (`cities_id`) REFERENCES `cities` (`id`) ON DELETE CASCADE ON UPDATE CASCADE,
  ADD CONSTRAINT `not_rated_city_ibfk_2` FOREIGN KEY (`features_id`) REFERENCES `features` (`id`) ON DELETE CASCADE ON UPDATE CASCADE;

--
-- Constraints for table `prediction_result`
--
ALTER TABLE `prediction_result`
  ADD CONSTRAINT `prediction_result_ibfk_1` FOREIGN KEY (`cities_id`) REFERENCES `cities` (`id`) ON DELETE CASCADE ON UPDATE CASCADE,
  ADD CONSTRAINT `prediction_result_ibfk_2` FOREIGN KEY (`features_id`) REFERENCES `features` (`id`) ON DELETE CASCADE ON UPDATE CASCADE;

--
-- Constraints for table `rating`
--
ALTER TABLE `rating`
  ADD CONSTRAINT `rating_ibfk_1` FOREIGN KEY (`cities_id`) REFERENCES `cities` (`id`) ON DELETE CASCADE ON UPDATE CASCADE,
  ADD CONSTRAINT `rating_ibfk_2` FOREIGN KEY (`features_id`) REFERENCES `features` (`id`) ON DELETE CASCADE ON UPDATE CASCADE;

--
-- Constraints for table `real_rating`
--
ALTER TABLE `real_rating`
  ADD CONSTRAINT `real_rating_ibfk_1` FOREIGN KEY (`cities_id`) REFERENCES `cities` (`id`) ON DELETE CASCADE ON UPDATE CASCADE,
  ADD CONSTRAINT `real_rating_ibfk_2` FOREIGN KEY (`features_id`) REFERENCES `features` (`id`) ON DELETE CASCADE ON UPDATE CASCADE;

/*!40101 SET CHARACTER_SET_CLIENT=@OLD_CHARACTER_SET_CLIENT */;
/*!40101 SET CHARACTER_SET_RESULTS=@OLD_CHARACTER_SET_RESULTS */;
/*!40101 SET COLLATION_CONNECTION=@OLD_COLLATION_CONNECTION */;
